[
  {
    "id": "fd036fc0-ccb0-4360-b92c-a9e9ad5baae6",
    "data": [
      {
        "text": "What all can you do?",
        "userDefined": false
      }
    ],
    "isTemplate": false,
    "count": 0,
    "updated": 0
  },
  {
    "id": "9fd815af-caa4-4a4f-845e-0a98e8bcfe04",
    "data": [
      {
        "text": "What ",
        "userDefined": false
      },
      {
        "text": "can",
        "meta": "@sys.ignore",
        "userDefined": false
      },
      {
        "text": " you ",
        "userDefined": false
      },
      {
        "text": "do",
        "meta": "@sys.ignore",
        "userDefined": false
      },
      {
        "text": "?",
        "userDefined": false
      }
    ],
    "isTemplate": false,
    "count": 0,
    "updated": 0
  },
  {
    "id": "81f242ab-abb4-48cc-9a75-28b22104df33",
    "data": [
      {
        "text": "What ",
        "userDefined": false
      },
      {
        "text": "can",
        "meta": "@sys.ignore",
        "userDefined": false
      },
      {
        "text": " I ask you?",
        "userDefined": false
      }
    ],
    "isTemplate": false,
    "count": 0,
    "updated": 0
  },
  {
    "id": "faf05519-a3e4-45e2-aef4-6d9a728a616c",
    "data": [
      {
        "text": "What ",
        "userDefined": false
      },
      {
        "text": "is",
        "meta": "@sys.ignore",
        "userDefined": false
      },
      {
        "text": " your purpose?",
        "userDefined": false
      }
    ],
    "isTemplate": false,
    "count": 0,
    "updated": 0
  },
  {
    "id": "24908fa5-2021-46ca-818d-6cf87c8dea3b",
    "data": [
      {
        "text": "What information ",
        "userDefined": false
      },
      {
        "text": "can",
        "meta": "@sys.ignore",
        "userDefined": false
      },
      {
        "text": " you provide?",
        "userDefined": false
      }
    ],
    "isTemplate": false,
    "count": 1,
    "updated": 0
  }
]