[
  {
    "id": "26cda49c-f75e-45bc-83d4-d736f94d4057",
    "data": [
      {
        "text": "What are the ",
        "userDefined": false
      },
      {
        "text": "latest stats",
        "alias": "type",
        "meta": "@stat_type",
        "userDefined": true
      },
      {
        "text": " for \u003cspan class\u003d\"selection\" selection-value\u003d\"@sys.geo-country-code\" selection-alias\u003d\"country\" selection-user-defined\u003d\"true\" style\u003d\"background-color: rgb(210, 195, 234);\"\u003eEngland\r \u003c/span\u003e?",
        "userDefined": false
      }
    ],
    "isTemplate": false,
    "count": 0,
    "updated": 0
  },
  {
    "id": "25970806-3898-47d9-9701-0009aa035f98",
    "data": [
      {
        "text": "what are the ",
        "userDefined": false
      },
      {
        "text": "latest stats",
        "alias": "type",
        "meta": "@stat_type",
        "userDefined": true
      },
      {
        "text": " for ",
        "userDefined": false
      },
      {
        "text": "US",
        "alias": "country",
        "meta": "@sys.geo-country-code",
        "userDefined": true
      },
      {
        "text": " and ",
        "userDefined": false
      },
      {
        "text": "Canada",
        "alias": "country",
        "meta": "@sys.geo-country-code",
        "userDefined": true
      },
      {
        "text": "?",
        "userDefined": false
      }
    ],
    "isTemplate": false,
    "count": 0,
    "updated": 0
  },
  {
    "id": "954f4453-cadc-4aee-b188-b942ad0d9f48",
    "data": [
      {
        "text": "What are the number of ",
        "userDefined": false
      },
      {
        "text": "deaths",
        "alias": "type",
        "meta": "@stat_type",
        "userDefined": false
      },
      {
        "text": " in ",
        "userDefined": false
      },
      {
        "text": "Orleans Parish",
        "alias": "county",
        "meta": "@County",
        "userDefined": true
      },
      {
        "text": ", ",
        "userDefined": false
      },
      {
        "text": "Louisiana",
        "alias": "state",
        "meta": "@sys.geo-state",
        "userDefined": false
      },
      {
        "text": "?",
        "userDefined": false
      }
    ],
    "isTemplate": false,
    "count": 0,
    "updated": 0
  },
  {
    "id": "634bb05c-2afc-4a9a-a77d-2689b3d417c8",
    "data": [
      {
        "text": "What are the number of ",
        "userDefined": false
      },
      {
        "text": "confirmed",
        "alias": "type",
        "meta": "@stat_type",
        "userDefined": true
      },
      {
        "text": " cases in ",
        "userDefined": false
      },
      {
        "text": "Orleans Parish",
        "alias": "county",
        "meta": "@County",
        "userDefined": true
      },
      {
        "text": ", ",
        "userDefined": false
      },
      {
        "text": "Louisiana",
        "alias": "state",
        "meta": "@sys.geo-state",
        "userDefined": true
      },
      {
        "text": "?",
        "userDefined": false
      }
    ],
    "isTemplate": false,
    "count": 1,
    "updated": 0
  },
  {
    "id": "2a2a739e-c9b8-4e6e-a3ba-fb5a24ca5696",
    "data": [
      {
        "text": "How many ",
        "userDefined": false
      },
      {
        "text": "deaths",
        "alias": "type",
        "meta": "@stat_type",
        "userDefined": true
      },
      {
        "text": " in ",
        "userDefined": false
      },
      {
        "text": "United States",
        "alias": "country",
        "meta": "@sys.geo-country-code",
        "userDefined": true
      },
      {
        "text": " and ",
        "userDefined": false
      },
      {
        "text": "India",
        "alias": "country",
        "meta": "@sys.geo-country-code",
        "userDefined": true
      },
      {
        "text": "?",
        "userDefined": false
      }
    ],
    "isTemplate": false,
    "count": 0,
    "updated": 0
  },
  {
    "id": "e45b57ae-e4d7-4993-9cee-c743abf86efa",
    "data": [
      {
        "text": "How many ",
        "userDefined": false
      },
      {
        "text": "confirmed",
        "alias": "type",
        "meta": "@stat_type",
        "userDefined": true
      },
      {
        "text": " cases and ",
        "userDefined": false
      },
      {
        "text": "deaths",
        "alias": "type",
        "meta": "@stat_type",
        "userDefined": true
      },
      {
        "text": " ",
        "userDefined": false
      },
      {
        "text": "Florida",
        "alias": "state",
        "meta": "@sys.geo-state",
        "userDefined": true
      },
      {
        "text": " and ",
        "userDefined": false
      },
      {
        "text": "California",
        "alias": "state",
        "meta": "@sys.geo-state",
        "userDefined": true
      },
      {
        "text": "?",
        "userDefined": false
      }
    ],
    "isTemplate": false,
    "count": 0,
    "updated": 0
  },
  {
    "id": "da092a2b-b54e-4402-be1a-3525d0015397",
    "data": [
      {
        "text": "How many ",
        "userDefined": false
      },
      {
        "text": "confirmed",
        "alias": "type",
        "meta": "@stat_type",
        "userDefined": true
      },
      {
        "text": " cases ",
        "userDefined": false
      },
      {
        "text": "since April 24",
        "alias": "period",
        "meta": "@sys.date-period",
        "userDefined": true
      },
      {
        "text": " in ",
        "userDefined": false
      },
      {
        "text": "United States",
        "alias": "country",
        "meta": "@sys.geo-country-code",
        "userDefined": true
      },
      {
        "text": "?",
        "userDefined": false
      }
    ],
    "isTemplate": false,
    "count": 0,
    "updated": 0
  },
  {
    "id": "a07c855d-6928-48ef-802d-21e59da3b4fe",
    "data": [
      {
        "text": "How many ",
        "userDefined": false
      },
      {
        "text": "confirmed",
        "alias": "type",
        "meta": "@stat_type",
        "userDefined": true
      },
      {
        "text": " cases ",
        "userDefined": false
      },
      {
        "text": "since yesterday",
        "alias": "period",
        "meta": "@sys.date-period",
        "userDefined": true
      },
      {
        "text": " in ",
        "userDefined": false
      },
      {
        "text": "United States",
        "alias": "country",
        "meta": "@sys.geo-country-code",
        "userDefined": true
      },
      {
        "text": "?",
        "userDefined": false
      }
    ],
    "isTemplate": false,
    "count": 0,
    "updated": 0
  },
  {
    "id": "ca0ba404-bfd2-48ba-9fa8-e2fcefdbd307",
    "data": [
      {
        "text": "what are the number of ",
        "userDefined": false
      },
      {
        "text": "confirmed",
        "alias": "type",
        "meta": "@stat_type",
        "userDefined": false
      },
      {
        "text": " cases since ",
        "userDefined": false
      },
      {
        "text": "last month",
        "alias": "period",
        "meta": "@sys.date-period",
        "userDefined": false
      },
      {
        "text": " in ",
        "userDefined": false
      },
      {
        "text": "United States",
        "alias": "country",
        "meta": "@sys.geo-country-code",
        "userDefined": true
      },
      {
        "text": "?",
        "userDefined": false
      }
    ],
    "isTemplate": false,
    "count": 0,
    "updated": 0
  },
  {
    "id": "130bc57f-1f72-4389-b6ef-3636ff7e9572",
    "data": [
      {
        "text": "What are the number of ",
        "userDefined": false
      },
      {
        "text": "confirmed",
        "alias": "type",
        "meta": "@stat_type",
        "userDefined": true
      },
      {
        "text": " cases in ",
        "userDefined": false
      },
      {
        "text": "Orange Parish",
        "alias": "county",
        "meta": "@County",
        "userDefined": true
      },
      {
        "text": ", ",
        "userDefined": false
      },
      {
        "text": "California",
        "alias": "state",
        "meta": "@sys.geo-state",
        "userDefined": true
      },
      {
        "text": "?",
        "userDefined": false
      }
    ],
    "isTemplate": false,
    "count": 0,
    "updated": 0
  },
  {
    "id": "b56f9707-2410-4203-847b-fb5e5f68f060",
    "data": [
      {
        "text": "What are the ",
        "userDefined": false
      },
      {
        "text": "latest stats",
        "alias": "type",
        "meta": "@stat_type",
        "userDefined": true
      },
      {
        "text": " for ",
        "userDefined": false
      },
      {
        "text": "Alachua County",
        "alias": "county",
        "meta": "@County",
        "userDefined": true
      },
      {
        "text": " and ",
        "userDefined": false
      },
      {
        "text": "Orange County",
        "alias": "county",
        "meta": "@County",
        "userDefined": true
      },
      {
        "text": " in ",
        "userDefined": false
      },
      {
        "text": "Florida",
        "alias": "state",
        "meta": "@sys.geo-state",
        "userDefined": true
      },
      {
        "text": "?",
        "userDefined": false
      }
    ],
    "isTemplate": false,
    "count": 0,
    "updated": 0
  },
  {
    "id": "fd31c903-e958-469d-83a4-d18b9af1b68b",
    "data": [
      {
        "text": "How many ",
        "userDefined": false
      },
      {
        "text": "cases",
        "alias": "type",
        "meta": "@stat_type",
        "userDefined": true
      },
      {
        "text": " in ",
        "userDefined": false
      },
      {
        "text": "Alachua County",
        "alias": "county",
        "meta": "@County",
        "userDefined": true
      },
      {
        "text": ", ",
        "userDefined": false
      },
      {
        "text": "Florida",
        "alias": "state",
        "meta": "@sys.geo-state",
        "userDefined": true
      },
      {
        "text": " and ",
        "userDefined": false
      },
      {
        "text": "India",
        "alias": "country",
        "meta": "@sys.geo-country-code",
        "userDefined": true
      }
    ],
    "isTemplate": false,
    "count": 0,
    "updated": 0
  },
  {
    "id": "858558b8-9422-49b3-9978-5bcc4cfd55f5",
    "data": [
      {
        "text": "what are the latest stats for ",
        "userDefined": false
      },
      {
        "text": "california",
        "alias": "state",
        "meta": "@sys.geo-state",
        "userDefined": true
      }
    ],
    "isTemplate": false,
    "count": 0,
    "updated": 0
  },
  {
    "id": "d4af383b-f19c-423f-8e95-06803a7b1645",
    "data": [
      {
        "text": "How many ",
        "userDefined": false
      },
      {
        "text": "deaths",
        "alias": "type",
        "meta": "@stat_type",
        "userDefined": true
      },
      {
        "text": " are there in ",
        "userDefined": false
      },
      {
        "text": "Alachua County",
        "alias": "county",
        "meta": "@County",
        "userDefined": true
      }
    ],
    "isTemplate": false,
    "count": 0,
    "updated": 0
  },
  {
    "id": "d3567e79-f2a4-499a-a587-f6db1ad0c49e",
    "data": [
      {
        "text": "How many ",
        "userDefined": false
      },
      {
        "text": "deaths",
        "alias": "type",
        "meta": "@stat_type",
        "userDefined": true
      },
      {
        "text": " in ",
        "userDefined": false
      },
      {
        "text": "Alachua County",
        "alias": "county",
        "meta": "@County",
        "userDefined": true
      },
      {
        "text": ", ",
        "userDefined": false
      },
      {
        "text": "Florida",
        "alias": "state",
        "meta": "@sys.geo-state",
        "userDefined": true
      }
    ],
    "isTemplate": false,
    "count": 0,
    "updated": 0
  },
  {
    "id": "6ab41b08-825b-4942-af89-9abbd9c1a686",
    "data": [
      {
        "text": "How many ",
        "userDefined": false
      },
      {
        "text": "cases",
        "alias": "type",
        "meta": "@stat_type",
        "userDefined": true
      },
      {
        "text": " in ",
        "userDefined": false
      },
      {
        "text": "California",
        "alias": "state",
        "meta": "@sys.geo-state",
        "userDefined": true
      }
    ],
    "isTemplate": false,
    "count": 0,
    "updated": 0
  },
  {
    "id": "9f5a1249-c4c5-48e1-8cdd-71dbc5dc8323",
    "data": [
      {
        "text": "how many ",
        "userDefined": false
      },
      {
        "text": "deaths",
        "alias": "type",
        "meta": "@stat_type",
        "userDefined": true
      },
      {
        "text": " in ",
        "userDefined": false
      },
      {
        "text": "United States",
        "alias": "country",
        "meta": "@sys.geo-country-code",
        "userDefined": true
      }
    ],
    "isTemplate": false,
    "count": 0,
    "updated": 0
  },
  {
    "id": "54abedf5-0b18-4d3a-b79e-25d4a7a6b35e",
    "data": [
      {
        "text": "What is the ",
        "userDefined": false
      },
      {
        "text": "latest",
        "meta": "@sys.ignore",
        "userDefined": true
      },
      {
        "text": " ",
        "userDefined": false
      },
      {
        "text": "cases",
        "alias": "type",
        "meta": "@stat_type",
        "userDefined": true
      },
      {
        "text": " in ",
        "userDefined": false
      },
      {
        "text": "Gainesville",
        "alias": "city",
        "meta": "@sys.geo-city",
        "userDefined": true
      },
      {
        "text": ", ",
        "userDefined": false
      },
      {
        "text": "Florida",
        "alias": "state",
        "meta": "@sys.geo-state",
        "userDefined": true
      }
    ],
    "isTemplate": false,
    "count": 0,
    "updated": 0
  }
]