[
  {
    "id": "3ffcae56-5797-43cb-9e2c-a641d4bd5ae6",
    "data": [
      {
        "text": "what are the latest ",
        "userDefined": false
      },
      {
        "text": "deaths",
        "alias": "type",
        "meta": "@stat_type",
        "userDefined": true
      },
      {
        "text": "?",
        "userDefined": false
      }
    ],
    "isTemplate": false,
    "count": 0,
    "updated": 0
  },
  {
    "id": "9db08306-7d35-4f6f-8518-0dd0f64be1b2",
    "data": [
      {
        "text": "what is the number of ",
        "userDefined": false
      },
      {
        "text": "deaths",
        "alias": "type",
        "meta": "@stat_type",
        "userDefined": true
      }
    ],
    "isTemplate": false,
    "count": 0,
    "updated": 0
  },
  {
    "id": "15b1bf69-a1bc-4265-a06a-d5638bd28097",
    "data": [
      {
        "text": "how many people have ",
        "userDefined": false
      },
      {
        "text": "died",
        "alias": "type",
        "meta": "@stat_type",
        "userDefined": true
      },
      {
        "text": " from corona virus",
        "userDefined": false
      }
    ],
    "isTemplate": false,
    "count": 0,
    "updated": 0
  },
  {
    "id": "d37b15c0-73b2-4935-b114-c55b5e09e8d1",
    "data": [
      {
        "text": "how many people are ",
        "userDefined": false
      },
      {
        "text": "sick",
        "alias": "type",
        "meta": "@stat_type",
        "userDefined": true
      }
    ],
    "isTemplate": false,
    "count": 0,
    "updated": 0
  },
  {
    "id": "1c6496b2-d388-4832-b306-d4c52b0ee372",
    "data": [
      {
        "text": "how many ",
        "userDefined": false
      },
      {
        "text": "confirmed",
        "alias": "type",
        "meta": "@stat_type",
        "userDefined": true
      },
      {
        "text": " cases",
        "userDefined": false
      }
    ],
    "isTemplate": false,
    "count": 0,
    "updated": 0
  },
  {
    "id": "a99d89e3-7485-4936-96eb-a634fbc6ecd4",
    "data": [
      {
        "text": "what is the latest stats",
        "userDefined": false
      }
    ],
    "isTemplate": false,
    "count": 0,
    "updated": 0
  }
]